time_yr,g10_hmi,polar_north_hmi,polar_south_hmi,g10_phi_constrained,polar_north_phi_constrained,polar_south_phi_constrained,g10_phi,polar_north_phi,polar_south_phi
0.0,0.101409718325713,-0.08079024758762214,0.004540913374103086,-0.2610278930563234,-1.5079414759132008,0.13492803687679572,0.11307127338948056,-0.9772331297934856,1.2737563339372655
0.07392197125256673,0.1280975382447005,-0.08435351652776177,0.07193063867374513,-0.2324544476404529,-1.6304121567810728,0.20693888148623915,0.15944053603523733,-1.0817490522251663,1.536788672529236
0.14784394250513347,0.1552524823900363,-0.10390801514066678,0.1623507131782091,-0.2033412750106725,-1.7713632453927615,0.30278249571330423,0.20561286672791684,-1.2016696811700063,1.6522079569514223
0.22176591375770022,0.18265583531651314,-0.15115510911869154,0.2552650229636122,-0.17392662628847277,-1.917626394725392,0.40203651186614353,0.25131399471012406,-1.3239518811639237,1.762484855519267
0.29568788501026694,0.21008078663397556,-0.21878602549671264,0.35307928853975407,-0.14444562694154428,-2.0627934740353826,0.5071700491181753,0.29627889207941516,-1.4425896744997753,1.8732083439242855
0.36960985626283366,0.23729027814031764,-0.29684718432830026,0.4553028150974509,-0.11514185551659917,-2.2015460899658286,0.6177455639412811,0.3402400535874137,-1.5524504446036251,1.9821564496728443
0.44353182751540043,0.26403563609166597,-0.37661927113908894,0.5596687767453314,-0.08626964854162043,-2.328779918632419,0.7315441657853178,0.38292432325435,-1.6484398805009084,2.085215034021249
0.5174537987679672,0.2900560951092751,-0.45106498118226274,0.6631013544404498,-0.05809479711344476,-2.4399597013950394,0.8455313639000536,0.4240516484587431,-1.7258067210184072,2.1779808562174336
0.5913757700205339,0.31507926324145485,-0.5149002341370359,0.7623894416832304,-0.030894172765291307,-2.5315616804217496,0.9565281330443314,0.4633352208538322,-1.780671434255943,2.256409953913516
0.6652977412731006,0.3388225692510784,-0.5644829399144059,0.8546508340343177,-0.00495433620972241,-2.601234561227459,1.0616723803240462,0.5004829223142111,-1.8104426985386328,2.3171982185755735
0.7392197125256673,0.3609956514664727,-0.5975472143395908,0.9376369259284959,0.019430802861127368,-2.6477012188597198,1.1587212527202866,0.5351998991278465,-1.8139827145140874,2.35803798186063
0.813141683778234,0.3813035605329093,-0.6128715400817846,1.0099025872863912,0.04196314117812852,-2.6705290219258515,1.2462191769552577,0.5671919996206449,-1.7914989926779994,2.3777567689138297
0.8870636550308009,0.39945058501270536,-0.6099797406807659,1.0708419005194976,0.06234416216272254,-2.6698947387181726,1.3235324437376643,0.5961697713001066,-1.7442480560682312,2.376312949271563
0.9609856262833676,0.4151444731544892,-0.5889364805390194,1.1205910666444954,0.08027911599440474,-2.646421245336879,1.390751710154976,0.6218527151607198,-1.6741797900181008,2.354638291592375
1.0349075975359343,0.4281008143314666,-0.5502447869405621,1.1598257210032636,0.09548136388852008,-2.601102230903197,1.4484896650364274,0.6439735237340449,-1.5836234168741636,2.3143601256343898
1.108829568788501,0.4380473555649762,-0.4948114995246919,1.1895066491317892,0.10767666216003566,-2.535285806841191,1.497627797960698,0.6622820744466558,-1.4750597560765129,2.2574722581011084
1.1827515400410678,0.44472805678263333,-0.42393259139875833,1.2106352560172418,0.1166071894237726,-2.4506719658531853,1.5390735313525545,0.6765490021865486,-1.350978673757753,2.1860305847814603
1.2566735112936345,0.44790672705337514,-0.33926091071249326,1.224066388009145,0.12203515867204345,-2.349288334588184,1.5735751903048694,0.6865687283150002,-1.21379928106804,2.101928284531748
1.3305954825462012,0.44737012735026066,-0.2427408259211032,1.2304017215314444,0.1237458992325746,-2.2334299631172736,1.6016178828487038,0.6921618732731132,-1.0658286599031805,2.006772840183045
1.404517453798768,0.44293046868530395,-0.13651448333761837,1.2299634989993353,0.12155033693466455,-2.105568736121056,1.62339992606577,0.6931770235970091,-0.9092421252566371,1.9018583211484417
1.4784394250513346,0.4344272742203568,-0.022815868595541428,1.2228325540312424,0.11528684063439659,-1.9682492278864925,1.6388736226289693,0.6894918600491384,-0.7460760943697471,1.7882089197023232
1.5523613963039014,0.42172860792530564,0.09612911440462053,1.2089276220118115,0.10482243728701084,-1.8239896774577047,1.6478272620976928,0.6810136811968031,-0.5782298401913762,1.6666639848797586
1.626283367556468,0.40473169940365217,0.2181827778761766,1.1881029774305998,0.0900534248689778,-1.6752021948398572,1.6499852877162713,0.6676793763920685,-0.40747444184346504,1.5379773543804809
1.700205338809035,0.38336301441713505,0.3413492615598682,1.1602455981115725,0.0709054324208387,-1.524139185015767,1.645107751710176,0.6494549145248281,-0.23546728911652962,1.4029105591718356
1.7741273100616017,0.35757783384490766,0.46380149343054555,1.1253588077175378,0.047332989733173195,-1.3728662973407533,1.6330759570899536,0.6263344212341455,-0.06376987748345855,1.2623072627032002
1.8480492813141685,0.32735941114248085,0.5838859677904116,1.0836250057674566,0.019318676566391517,-1.223257556747452,1.6139568640227027,0.598338918696317,0.10613379120742703,1.117143182420031
1.9219712525667352,0.2927177808558332,0.7001120332399472,1.035444777505139,-0.013128076183636398,-1.0770060655848408,1.58804354141525,0.5655147998699614,0.2728207831600378,0.9685509041311353
1.995893223819302,0.2536882894802649,0.8111326301994948,0.9814530835071148,-0.04997246220302191,-0.9356433843932385,1.5558723680317172,0.5279321042700845,0.43491678037621934,0.8178223320278318
2.0698151950718686,0.21032991596003303,0.9157223799608497,0.922515403169077,-0.09115598516288365,-0.8005617124447094,1.5182198742768578,0.485682655906985,0.5910887539044334,0.6663932815496866
2.1437371663244353,0.16272344331383914,1.0127572870268253,0.8597078522971103,-0.1365982924054703,-0.6730346107015024,1.4760832709478362,0.4388781167261886,0.7400430376741532,0.5158153145087677
2.217659137577002,0.11096953600395001,1.1011985936987359,0.7942856675891975,-0.18619910236534096,-0.554233719787516,1.430649089742506,0.38764800131024657,0.8805283407251494,0.3677197287656914
2.291581108829569,0.05518677034697644,1.1800818397855557,0.7276442929690694,-0.2398401784869204,-0.4452404032566308,1.3832542056962558,0.332137691179736,1.0113427261441348,0.22377797602096242
2.3655030800821355,-0.004490342053923197,1.248511075405007,0.6612768191981456,-0.2973873097095432,-0.3470523464503938,1.3353430291661985,0.27250648004924505,1.1313433195521725,0.08566193563707997
2.439425051334702,-0.06791330487168046,1.3056574714619522,0.5967308775174494,-0.3586922645801859,-0.260585842400076,1.2884240035626204,0.2089256750325713,1.2394574571099273,-0.044993413613737605
2.513347022587269,-0.13492153509418248,1.350761218192757,0.5355673848776686,-0.4235946925134614,-0.18667485016903176,1.2440278398239235,0.14157677314088776,1.334694087829834,-0.16662320578992584
2.5872689938398357,-0.20534418783583686,1.3831355131124161,0.47932285958040344,-0.49192395152874796,-0.12606800120748834,1.2036692370297588,0.07064972750495126,1.4161544477577275,-0.27776077277957906
2.6611909650924024,-0.2790018923324758,1.4021715275182032,0.4294764187619475,-0.5635008469044591,-0.07942464350461022,1.1688132277762509,-0.0036586864406328414,1.4830412713057797,-0.3770601592545581
2.735112936344969,-0.3557083879418528,1.4073434283230601,0.3874220572201063,-0.6381392695976696,-0.047310828264632634,1.1408467713914057,-0.08114639809376442,1.534666056923371,-0.46331305475098206
2.809034907597536,-0.43527205271275676,1.398212760060784,0.3544463984285786,-0.7156477270151608,-0.030195918573112976,1.1210558057752043,-0.1616074583367211,1.570454133043037,-0.535460434129247
2.8829568788501025,-0.5174973202080151,1.3744317195600426,0.3317118000819537,-0.7958307618416939,-0.028450274709601854,1.1106076566431091,-0.2448333442735785,1.5899474605200046,-0.592599394687697
2.9568788501026693,-0.6021859828335911,1.3357450583218446,0.3202444783605954,-0.8784902571960769,-0.04234427096074427,1.1105384815340877,-0.3306141525335261,1.5928052537260813,-0.6339857890428825
3.030800821355236,-0.6891383820046424,1.2819905129176399,0.32092717401236304,-0.9634266284623583,-0.07204873603390399,1.121745281895257,-0.4187396831348287,1.5788026048035793,-0.6590332978236785
3.1047227926078027,-0.7781544871358257,1.213097788459581,0.3344958048496669,-1.0504399037982426,-0.11763678670153363,1.144981935442177,-0.5090004170855695,1.5478273591343916,-0.66730958343156
3.1786447638603694,-0.869034866739208,1.1290862066816292,0.3615395192506316,-1.1393306966174308,-0.17908693979213966,1.1808586687220224,-0.6011883918012733,1.4998755216624877,-0.6585301309617926
3.252566735112936,-0.961581555904969,1.0300611837600067,0.40250357093568984,-1.2299010743331125,-0.2562873357291434,1.2298443935727779,-0.6950979790939846,1.4350454807194102,-0.6325503272363993
3.326488706365503,-1.0555988251770634,0.916209730271879,0.45769446567349764,-1.3219553283856884,-0.34904088093575303,1.2922713599635596,-0.7905265709728053,1.3535313254542185,-0.5893562632961646
3.40041067761807,-1.1508938563609685,0.7877951732588022,0.5272868766378457,-1.4153006511016992,-0.4570711099750104,1.3683416224773617,-0.8872751788259751,1.255615510958411,-0.529054676632041
3.4743326488706368,-1.2472773311498768,0.6451512941894053,0.6113318798105192,-1.509747725279286,-0.5800285753418993,1.4581348713467766,-0.9851489517568898,1.1416610966544338,-0.45186238177094146
3.5482546201232035,-1.344563938659949,0.48867606168149486,0.7097661187854617,-1.6051112325989068,-0.7174975884198269,1.5616172361242973,-1.0839576199435963,1.0121037522640883,-0.3580954747139645
3.62217659137577,-1.4425728080500668,0.31882511804802205,0.8224215657776186,-1.7012102870421466,-0.8690031553853902,1.6786507269292683,-1.1835158689015641,0.8674436943977665,-0.24815853997430545
3.696098562628337,-1.5411278723883075,0.13610515695422262,0.9490356000285011,-1.7978687994875266,-1.034017973941508,1.8090030321852448,-1.283643650467896,0.7082376873008182,-0.1225340394093583
3.7700205338809036,-1.640058169833883,-0.058932692291968,1.0892611745742815,-1.894915779558194,-1.211969378713136,1.9523574412600315,-1.384166436203826,0.5350912146221852,0.018227980178864855
3.8439425051334704,-1.7391980880444686,-0.265699378775824,1.242676886699202,-1.9921855806369515,-1.4022461437045923,2.1083227046179522,-1.4849154187416664,0.3486509057414998,0.1735197589191172
3.917864476386037,-1.8383875575072346,-0.4835742657795697,1.4087968060834886,-2.0895180937520186,-1.6042050686983746,2.276442682713231,-1.585727666390877,0.14959728031702135,0.3426852022962739
3.991786447638604,-1.9374721992382178,-0.7119112279656153,1.5870799477950148,-2.186758895782765,-1.8171772925791005,2.456205667998849,-1.6864462360732502,-0.06136214185256492,0.5250287164047126
4.0657084188911705,-2.036303432008128,-0.9500444633742376,1.7769393052345341,-2.283759357147726,-2.0404742902739077,2.6470532924467345,-1.7869202493858618,-0.2834993321342057,0.7198234686983566
4.139630390143737,-2.134738543941322,-1.1972939852869169,1.9777503814309831,-2.3803767138254694,-2.2733935214657306,2.848388956363883,-1.887004936298498,-0.5160718229861309,0.9263190572806065
4.213552361396304,-2.2326407330055673,-1.4529707686533284,2.1888591762641365,-2.4764741082294224,-2.5152237087071443,3.059585733600838,-1.986561650685104,-0.7583283427338986,1.1437485828754281
4.287474332648871,-2.3298791205696254,-1.716381533736733,2.409589602843029,-2.5719206031168973,-2.7652497303285317,3.2799937240508106,-2.0854578615715136,-1.0095140084153773,1.3713351260999616
4.361396303901437,-2.42632874185919,-1.9868331561826094,2.6392503189392764,-2.6665911723657567,-3.022757119885972,3.5089468371705217,-2.18356712365888,-1.2688750754719875,1.6082976390842394
4.435318275154004,-2.5218705167943245,-2.2636366981222933,2.8771409695649193,-2.7603666721045137,-3.2870361691006442,3.7457690006119977,-2.280769030358236,-1.5356632475060443,1.8538562653260648
4.509240246406571,-2.616391204347655,-2.546111059417312,3.1225578449350433,-2.853133795337572,-3.5573856355374436,3.989779796373331,-2.3769491522502744,-1.8091395529091474,2.1072371053106513
4.583162217659138,-2.709783343226139,-2.833586251922486,3.374798964542674,-2.944785012870617,-3.8331160598505054,4.240299533528874,-2.4719989635694866,-2.088577798100077,2.367676448166361
4.657084188911704,-2.8019451813536094,-3.1254063028486256,3.633168603211866,-3.035218503015403,-4.1135527004419785,4.496653771897224,-2.565815759006287,-2.373267609550024,2.6344244917006105
4.731006160164271,-2.8927805963194655,-3.4209317960545347,3.8969812790412353,-3.1243380722411414,-4.398038095954855,4.758177315203546,-2.658302562827611,-2.662517078833386,2.9067485747350723
4.804928131416838,-2.9821990086632484,-3.719542062476767,4.165565226310573,-3.2120530686439253,-4.685934268235911,5.024217695596289,-2.7493680320380296,-2.955655026704022,3.1839359468598665
4.878850102669404,-3.0701152895874637,-4.020637032972164,4.438265378859923,-3.2982782898280836,-4.976624580319228,5.294138173948447,-2.838926355041734,-3.2520329037121627,3.465296101637288
4.952772073921971,-3.1564496644333606,-4.32363876863971,4.714445891289822,-3.3829338865356053,-5.269515265631819,5.567320282336456,-2.9268971470223692,-3.551026346177277,3.750162699962286
5.026694045174538,-3.24112761301766,-4.627992685227244,4.993492226670582,-3.4659452631228778,-5.564036646032833,5.843165936542364,-3.0132053430338415,-3.852036407433326,4.037895110763641
5.100616016427105,-3.3240797677131138,-4.93316848952678,5.274812840361756,-3.5472429757688326,-5.859644057478285,6.1210991474418535,-3.0977810895917046,-4.154490485171062,4.327879596525769
5.174537987679671,-3.40524180996263,-5.23866084672548,5.557840490087515,-3.6267626291052792,-6.155818503059448,6.400567360779408,-3.1805596353719983,-4.4578429664175845,4.619530171235931
5.248459958932238,-3.4845543657455553,-5.54398979850985,5.842033202634189,-3.704444771789028,-6.452067053896904,6.681042455137364,-3.2614812214624935,-4.761575612214094,4.912289158319416
5.322381930184805,-3.5619629003652022,-5.848700952320699,6.1268749274682595,-3.780234791385749,-6.747923018884779,6.9620214279141805,-3.3404909714701425,-5.065197704375958,5.205627475917657
5.3963039014373715,-3.6374176127983056,-6.152365462528093,6.411875907246403,-3.8540828088071066,-7.042945904573301,7.243026798868963,-3.4175387816674343,-5.368245976844315,5.499044676492789
5.470225872689938,-3.7108733297389582,-6.4545798244443535,6.6965727946300175,-3.9259435724344476,-7.336721186556464,7.52360676029117,-3.492579211258798,-5.670284354066773,5.792068767209406
5.544147843942505,-3.7822893993806455,-6.754965502026533,6.980528544048585,-3.9957763519733627,-7.628859913602574,7.803335102140576,-3.5655713727650413,-5.970903518581607,6.084255836855657
5.618069815195072,-3.8516295849091673,-7.053168409848561,7.263332106102441,-4.063544832012504,-7.918998165438759,8.081810939596792,-3.636478822458117,-6.26972032953332,6.3751895142285235
5.691991786447638,-3.918861957625017,-7.348858269461186,7.544597951178278,-4.129217005205835,-8.206796384589268,8.35865826938265,-3.705269450728867,-6.566377113228997,6.664480281932707
5.765913757700205,-3.9839587895749644,-7.64172785962107,7.823965447592415,-4.1927650649585715,-8.491938601987215,8.633525380004658,-3.7719153722355507,-6.86054084606912,6.951764668442078
5.839835728952772,-4.046896445547522,-7.931492179077574,8.101098118200008,-4.254165297471952,-8.77413157524837,8.906084139709368,-3.836392815659491,-7.15190224927007,7.236704340061597
5.9137577002053385,-4.1076552742741566,-8.217887539676923,8.375682797935164,-4.313397972989161,-9.053103857533246,9.176029184509662,-3.8986820128844633,-7.44017481375706,7.5189851131233425
5.987679671457905,-4.166219498676119,-8.500670606500046,8.647428713199536,-4.370447236082651,-9.32860481385077,9.443077027112109,-3.958767087417275,-7.72509377246573,7.7983159053702185
6.061601642710472,-4.222577105003934,-8.779617400613706,8.916066502416886,-4.425300994830302,-9.600403600494813,9.706965105997782,-4.016635941876601,-8.006415036068386,8.074427644043757
6.135523613963039,-4.2767197307315845,-9.054522278806916,9.18134719543924,-4.477950808742758,-9.868288122074667,9.967450792295365,-4.072280144394291,-8.283914106857683,8.347072146716757
6.209445585215605,-4.3286425510887465,-9.325196903426862,9.443041167846252,-4.528391775325596,-10.132063979323622,10.224310370456982,-4.12569481379662,-8.55738498419649,8.616020989415782
6.283367556468172,-4.378344164140688,-9.591469214141057,9.700937084541705,-4.576622415186264,-10.391553419565597,10.477338007122869,-4.176878503460944,-8.826639073597244,8.881064375080102
6.357289527720739,-4.425826474355562,-9.853182412154403,9.954840845436795,-4.622644555625704,-10.646594300407413,10.726344720958023,-4.225833083774786,-9.09150411014548,9.14201001391907
6.431211498973306,-4.4710945746313415,-10.110193966118672,10.204574544434001,-4.666463212687214,-10.897039075920816,10.971157364677591,-4.272563623158301,-9.351823105647062,9.398682025774608
6.505133470225872,-4.5141566267888145,-10.362374647703415,10.44997545140178,-4.708086471669105,-11.142753813299509,11.211617628961983,-4.317078267646367,-9.607453327572175,9.650919873182552
6.579055441478439,-4.555023740571578,-10.609607603565523,10.6908950253702,-4.747525366142364,-11.383617246735756,11.447581076509366,-4.359388119062187,-9.858265316604752,9.898577332468214
6.652977412731006,-4.593709851228362,-10.851787469271574,10.927197965791343,-4.784793755548748,-11.61951987407068,11.678916213091792,-4.39950711184953,-10.10414194839474,10.141521508918169
6.7268993839835725,-4.63023159578611,-11.088819529602798,11.158761307403216,-4.8199082014879755,-11.850363100641733,11.905503601180756,-4.437451888664777,-10.344977543962697,10.379631900849498
6.80082135523614,-4.664608188153814,-11.320618928615135,11.385473563018348,-4.8528878428341,-12.076058433688596,12.1272350204936,-4.473241674862136,-10.580677032128557,10.612799516257196
6.874743326488707,-4.696861293226259,-11.547109931842941,11.607233917432927,-4.883754269850412,-12.296526729690413,12.344012678689298,-4.506898152035336,-10.81115516633584,10.840926044664245
6.9486652977412735,-4.727014900183462,-11.768225242128969,11.82395147462142,-4.912531397498707,-12.511697496098057,12.555748474413418,-4.5384453308061765,-11.036335797322373,11.063923085830842
7.02258726899384,-4.755095195205013,-11.983905369738194,12.035544559447114,-4.939245338162319,-12.7215082480975,12.762363313958561,-4.5679094230744255,-11.256151202252328,11.281711436101165
7.096509240246407,-4.78113043383885,-12.194098056670754,12.241940074280453,-4.963924274022501,-12.9259039202959,12.963786481969072,-4.59531871396422,-11.4705414701727,11.49422043237836
7.170431211498974,-4.805150813280793,-12.398757754429809,12.443072910173528,-4.986598329344581,-13.124836332560921,13.159955065875508,-4.6207034337194175,-11.679453942990369,11.701387353020374
7.24435318275154,-4.827188344834436,-12.597845153922325,12.638885411588229,-5.007299442943605,-13.318263708665198,13.350813433093728,-4.644095629813959,-11.882842710582654,11.903156874339487
7.318275154004107,-4.8472767268308115,-12.791326765673386,12.829326893114352,-5.026061241108919,-13.506150245889458,13.536312759461893,-4.665529039553498,-12.08066815815228,12.099480580863537
7.392197125256674,-4.865451218293469,-12.9791745481141,13.014353206138594,-5.042918911273446,-13.688465733317091,13.71641060691282,-4.685038963451019,-12.272896563514404,12.290316527074268
7.4661190965092405,-4.881748513637542,-13.16136558135679,13.193926353031204,-5.057909076716264,-13.86518521620628,13.891070547984468,-4.7026621396624595,-12.45949974165463,12.475628847973253
7.540041067761807,-4.896206618691002,-13.337881783594177,13.368014146099558,-5.071069672586759,-14.036288703549184,14.060261834452719,-4.718436619768134,-12.640454733619153,12.655387415534321
7.613963039014374,-4.908864728322894,-13.508709667047913,13.536589908311555,-5.082439823535214,-14.20176091571634,14.223959107123537,-4.732401646182651,-12.815743536586279,12.829567537878024
7.687885010266941,-4.9197631059571485,-13.673840130240796,13.69963221261092,-5.092059723228447,-14.361591068934105,14.382142143639575,-4.744597531469948,-12.985352871817941,12.99814969784386
7.761806981519507,-4.9289429652416725,-13.833268283271641,13.857124656526256,-5.09997051602028,-14.515772693248067,14.534795641034954,-4.7550655398314134,-13.149273987095206,13.161119327533502
7.835728952772074,-4.936446354131295,-13.986993302726924,14.009055668709344,-5.106214181035434,-14.664303480581152,14.681909029704451,-4.763847771024071,-13.307502490198173,13.318466615348672
7.909650924024641,-4.9423160416299154,-14.13501831286364,14.155418344021358,-5.110833418912261,-14.80718515949641,14.823476315435194,-4.770987046952721,-13.460038209992689,13.470186342044345
7.983572895277208,-4.946595407422187,-14.277350289738765,14.296210303811527,-5.113871541434637,-14.94442339331599,14.9594959461737,-4.776526801165047,-13.60688508172897,13.61627774235707
8.057494866529774,-4.949328334608565,-14.413999985036604,14.431433578097236,-5.115372364266922,-15.076027698324758,15.089970700264177,-4.780510971462347,-13.748051053235322,13.75674438884344
8.131416837782341,-4.950559105739813,-14.544981866452096,14.561094506451315,-5.115380102988104,-15.202011378894595,15.21490759298965,-4.78298389582087,-13.883548008799222,13.891594094670854
8.205338809034908,-4.950332302328418,-14.670314071620595,14.68520365452752,-5.113939272602563,-15.322391476498805,15.334317798371378,-4.783990211800248,-14.013391707662727,14.020838832236358
8.279260780287474,-4.948692707994965,-14.790018372738704,14.803775743303017,-5.1110945906855845,-15.437188729741104,15.44821658332875,-4.783574759596127,-14.137601734216002,14.144494664645327
8.353182751540041,-4.94568521538773,-14.90412014919252,14.916829588284314,-5.106890884301865,-15.546427542696092,15.556623251468118,-4.7817824888745015,-14.25620145714662,14.262581687255615
8.427104722792608,-4.941354736993736,-15.01264836569447,15.024388046104635,-5.1013730008153,-15.650135959044325,15.659561093949664,-4.778658369505196,-14.36921799499016,14.375123976680959
8.501026694045175,-4.935746119939492,-15.115635553625467,15.126477966134242,-5.094585722688279,-15.748345639680958,15.757057345073527,-4.774247306292075,-14.4766821857253,14.482149544845576
8.574948665297741,-4.928904064859861,-15.213117793480857,15.22313014492591,-5.086573686348937,-15.841091841680138,15.8491431404262,-4.7685940577777775,-14.578628558261208,14.583690295887695
8.648870636550308,-4.920873048894013,-15.305134696524856,15.314379281523365,-5.077381305185369,-15.928413396703883,15.935853475632765,-4.761743159181391,-14.67509530387345,14.679781983918904
8.722792607802875,-4.911697252848548,-15.391729383964828,15.400263931867775,-5.067052696706893,-16.01035268715214,16.017227163966687,-4.7537388495086415,-14.766124245854053,14.770464169857405
8.796714579055442,-4.901420492549661,-15.47294846216309,15.48082646074415,-5.05563161389421,-16.086955618557404,16.093306791274806,-4.744625002855964,-14.851760805849782,14.855780175762764
8.870636550308008,-4.890086154388717,-15.548841992606242,15.55611298991336,-5.0431613807429105,-16.158271586930862,16.16413866687801,-4.734445063912462,-14.932053965567532,14.93577703530634
8.944558521560575,-4.8777371350490775,-15.619463455549699,15.626173341274567,-5.029684831988108,-16.22435343996494,16.229772769306443,-4.723241987647127,-15.007056222725566,15.010505439213064
9.018480492813142,-4.864415785386371,-15.68486970644592,15.691060974095645,-5.015244256982461,-16.285257431189105,16.290262685919775,-4.711058183153246,-15.076823540322316,15.080019674704836
9.092402464065708,-4.850163858419846,-15.745120924447694,15.750832915534184,-4.9998813476851875,-16.341043166359057,16.34566554564747,-4.697935461607223,-15.141415288479442,15.144377558162574
9.166324435318275,-4.83502246137885,-15.800280552451612,15.805549683847602,-4.983637150706155,-16.391773541534008,16.39604194425922,-4.6839149882856415,-15.200894178291597,15.203640360401442
9.240246406570842,-4.819032011736081,-15.850415228310736,15.855275203857234,-4.966552023336666,-16.437514672461134,16.441455861741073,-4.669037238571875,-15.255326187281138,15.257872724121219
9.314168377823409,-4.802232197147854,-15.895594706998397,15.900076714386774,-4.948665593487235,-16.478335815040055,16.481974571507912,-4.6533419578723105,-15.304780476210796,15.307142573250474
9.388090349075975,-4.784661939211421,-15.935891773647409,15.940024667540056,-4.930016723442355,-16.51430927678269,16.517668541326653,-4.636868125351951,-15.349329297151316,15.351521014048641
9.462012320328542,-4.766359360940222,-15.971382147518995,15.975192619816093,-4.910643477333162,-16.545510319314847,16.548611325957086,-4.619653921390064,-15.389047892832943,15.391082227963851
9.535934291581109,-4.7473617578497835,-16.0021443770748,16.00565711518071,-4.890583092220721,-16.572017052085254,16.57487945163787,-4.601736698648467,-15.424014387430091,15.42590335636625
9.609856262833675,-4.72770557254006,-16.028259726432292,16.031497560323483,-4.8698719526757195,-16.593910317555057,16.59655229265432,-4.583152956638009,-15.454309669037002,15.45606437738679
9.683778234086242,-4.7074263726538685,-16.049812053579004,16.052796092426764,-4.848545568734233,-16.61127356823675,16.61371194032182,-4.56393831966277,-15.480017264188888,15.481647975189443
9.757700205338809,-4.686558832086051,-16.066887680805014,16.06963743985945,-4.826638557104186,-16.624192736035432,16.626443064804594,-4.5441275180164675,-15.501223204868127,15.502739402091613
9.831622176591376,-4.6651367153138175,-16.079575257885434,16.082108776283338,-4.804184625493012,-16.632756094418575,16.634832770263667,-4.523754372301408,-15.51801588850893,15.51942633402249
9.905544147843942,-4.643192864715475,-16.087965618606265,16.090299568723655,-4.781216559923645,-16.63705411400191,16.638970443891758,-4.502851780737042,-15.530485931576482,15.531798719873242
9.979466119096509,-4.620759190742257,-16.09215163127794,16.094301420208595,-4.757766214903617,-16.637179312190895,16.638947599445363,-4.481451709322748,-15.538726017348855,15.539948625346453
10.053388090349076,-4.597866664806261,-16.09222804392194,16.094207907625925,-4.733864506310275,-16.633226097558207,16.634857715927165,-4.459585184717761,-15.542830738571912,15.543970071955378
10.127310061601642,-4.574545314746579,-16.088291324847123,16.090114415478165,-4.709541406854152,-16.625290609669502,16.62679607210519,-4.4372822897002075,-15.542896435689812,15.543958871857143
10.20123203285421,-4.550824222735285,-16.080439499354895,16.082117966242222,-4.684825943982213,-16.613470555092444,16.614859577578926,-4.41457216106687,-15.539021031377116,15.540012459228546
10.275154004106776,-4.526731525485308,-16.068771983326222,16.0703170480553,-4.659746200082993,-16.597865040338093,16.599146601118363,-4.391482989835601,-15.53130386211322,15.53222971890893
10.349075975359343,-4.502294416622996,-16.05338941444961,16.05481144045676,-4.634329314856398,-16.578574402490204,16.579756797009665,-4.368042023613151,-15.519845507546798,15.52071081304257
10.42299794661191,-4.477539151089528,-16.034393481848078,16.03570203891631,-4.608601489712383,-16.55570003827703,16.556790930141183,-4.344275570992471,-15.504747618397651,15.505557006453566
10.496919917864476,-4.4524910514371,-16.011886754855155,16.01309067887266,-4.582587994064401,-16.529344232332644,16.530350700557555,-4.320209007845397,-15.486112743636111,15.48687049148011
10.570841889117043,-4.427174515888041,-15.985972511676513,15.987079959994825,-4.5563131733857745,-16.499609985381376,16.500538568196916,-4.295866785378782,-15.464044157667242,15.464754212982779
10.64476386036961,-4.401613028027492,-15.956754568654256,15.957773071360174,-4.529800458899665,-16.466600843059684,16.467457578508494,-4.271272439824703,-15.438645688228382,15.439311694223612
10.718685831622176,-4.375829168003254,-15.924337110827068,15.925273618221176,-4.503072378776185,-16.430420726066238,16.43121118962492,-4.246448603638253,-15.410021545685098,15.410646864290243
10.792607802874743,-4.349844625109473,-15.88882452445109,15.889685451005517,-4.476150570713379,-16.39117376230261,16.391903101736684,-4.221417018079595,-15.378276154383167,15.378863887712182
10.86652977412731,-4.323680211634266,-15.850321232114545,15.851112497163758,-4.449055795782153,-16.348964121635454,16.349637089285043,-4.196198547060323,-15.343513986682327,15.344066996885767
10.940451745379876,-4.297355877855026,-15.808931531043878,15.809658596444908,-4.4218079534188774,-16.303895853875982,16.304516836556015,-4.170813192137823,-15.305839400263551,15.306360327890223
11.014373716632443,-4.270727974055788,-15.76475943516174,15.765427340143674,-4.394263343440086,-16.25607273053507,16.256645777221127,-4.1451173545320135,-15.265356479263799,15.265847760240788
11.08829568788501,-4.243413969667662,-15.717908521417206,15.718521914824413,-4.366039385180235,-16.20559809087273,16.206126938331888,-4.118728554265424,-15.222168879753326,15.222632761085949
11.162217659137577,-4.215988847944082,-15.668481780867324,15.669044950986578,-4.337711012164296,-16.152574692719334,16.153062789234436,-4.092221824838343,-15.17637968002928,15.176818234315482
11.236139630390143,-4.188429675231965,-15.616581474946381,15.617098377094658,-4.309255241376279,-16.097104568503553,16.097555095828913,-4.065574282500096,-15.128091236157372,15.128506375004104
11.31006160164271,-4.160689125726504,-15.562308997315832,15.562783279353015,-4.280624698011391,-16.03928888687851,16.039704780555578,-4.038738651004175,-15.077405043149971,15.077798529572982
11.383983572895277,-4.1326948356311926,-15.505764741633392,15.506199767552479,-4.251746969633448,-15.979227820283315,15.979611788435776,-4.011642615768777,-15.024421602114943,15.024795061997498
11.457905544147843,-4.104349676449027,-15.44704797528768,15.447446847024171,-4.222524879463476,-15.917020418485253,15.917374959204553,-3.9841890971686977,-14.969240293417947,14.96959522609844
11.53182751540041,-4.075532895338375,-15.386256716628605,15.386622294220738,-4.192837626732995,-15.852764485631617,15.853091903056212,-3.95625739089204,-14.91195925338468,14.91229704143821
11.605749486652977,-4.046102036611222,-15.32348760045093,15.323822520672834,-4.162542708179693,-15.786556445567633,15.786858864751878,-3.927705089439436,-14.85267523929725,14.852997157571291
11.679671457905544,-4.015895531779579,-15.258835677851692,15.259142371432832,-4.131478508091281,-15.718491141540166,15.718770522201906,-3.8983706721715663,-14.791483428802279,14.79179065276241
11.75359342915811,-3.9847358270079622,-15.192394021202524,15.192674728738615,-4.0994674257554236,-15.648661441027375,15.648919590257012,-3.8680766327628557,-14.72847702446895,14.728770637906326
11.827515400410677,-3.9524329066179216,-15.124252907240948,15.124509693893849,-4.066319398961754,-15.57715741869755,15.577396002705362,-3.836633002707312,-14.663746436498391,14.664027438646986
11.901437371663244,-3.9187880689954517,-15.054498277194904,15.054733046272036,-4.031835679906767,-15.504064816410677,15.50428537138374,-3.8038411272273644,-14.59737774249638,14.597647054604414
11.97535934291581,-3.883597815962865,-14.983209179388009,14.983423684885059,-3.9958127245631987,-15.429462485709422,15.429666427844232,-3.769497554647213,-14.529450129754284,14.529708601151071
12.049281314168377,-3.8466577271475955,-14.91045401724896,14.910649875433695,-3.95804606704636,-15.353418635722392,15.353607270494594,-3.7333979107632076,-14.46003214295992,14.46028055665621
12.123203285420944,-3.8077662056883703,-14.836285632058452,14.836464332167704,-3.9183340653178362,-15.275985915812402,15.276160446540546,-3.6953406445516483,-14.389176766669536,14.38941584452667
12.19712525667351,-3.7667279993045724,-14.760735479973626,14.760898394090123,-3.8764814222524104,-15.197195592509113,15.197357128265201,-3.655130549239837,-14.316915602079126,14.317146009579776
12.271047227926077,-3.7233574199371207,-14.683807344664634,14.683955736835623,-3.832302405276515,-15.117051262060288,15.117200824976083,-3.6125819819487055,-14.2432525794282,14.243474930078845
12.344969199178644,-3.677481204632393,-14.605471115198212,14.605606149853116,-3.785623707249734,-15.035522628235936,15.03566116025033,-3.567521724578519,-14.168157735669118,14.168372595062365
12.41889117043121,-3.6289409790848497,-14.525657147832273,14.52577989755238,-3.7362869100050395,-14.952539864048882,14.952668233138407,-3.519791447353333,-14.091561576064716,14.091769465627317
12.492813141683778,-3.5775953025201193,-14.44425164443272,14.444363097122121,-3.6841505292294876,-14.867988990102731,14.868107996034135,-3.4692497537059435,-14.013350452424111,14.013551852874704
12.566735112936344,-3.5233212878686215,-14.361093355502192,14.361194421005319,-3.6290916346354827,-14.78170857755633,14.781818957197258,-3.4157738004534064,-13.933363265965076,13.933558620503788
12.640657084188911,-3.466015804150601,-14.275971785031293,14.276063301239237,-3.5710070523434583,-14.693487952915127,14.69359038513637,-3.359260500183993,-13.851389672012541,13.85157938926303
12.714579055441478,-3.405596278554742,-14.188626959008367,14.18870969749284,-3.5098141669581624,-14.603066966485011,14.603162076685182,-3.2996273233377513,-13.767169848368114,13.76735430509094
12.788501026694044,-3.3420011238817486,-14.098750728891037,14.098825400102037,-3.4454513490099217,-14.510137295791637,14.510225660072992,-3.2368127256520554,-13.680395798652953,13.680575342247929
12.862422997946611,-3.2751898229890197,-14.005989516204606,14.00605677426513,-3.3778780393970123,-14.414345190130021,14.414427339151874,-3.17077623260826,-13.590714096788219,13.590889047601834
12.936344969199178,-3.2051427058336373,-13.909948360483947,13.910008807612522,-3.307074526426375,-14.31529551846079,14.315371940995066,-3.1014982164766947,-13.497729934828765,13.49790058828177
13.010266940451745,-3.131860456930678,-13.81019610443774,13.810250295027354,-3.233041453269643,-14.212556954531673,14.212628100743327,-3.0289794037769737,-13.401012308028337,13.401178936577347
13.084188911704311,-3.0553633918006433,-13.706271532574949,13.706319976954697,-3.155799094408333,-14.10566811546397,14.105734399937207,-2.953240151727451,-13.300100153375391,13.300263008321233
13.158110882956878,-2.9756905405486647,-13.597690269166149,13.597733437069973,-3.075386439210812,-13.994144459676336,13.994206264206165,-2.874319531826451,-13.194509247471462,13.194668560626162
13.232032854209445,-2.8928985753572736,-13.483952236382049,13.483990560147081,-2.991860119422844,-13.877485744988059,13.877543421155028,-2.7922742573470702,-13.083739664593848,13.083895649817196
13.305954825462011,-2.8070606166172047,-13.364549472918906,13.364583350434298,-2.905293215296191,-13.755183847211399,13.755237718756206,-2.707177489470011,-12.967283595251823,12.967436449867558
13.379876796714578,-2.718264949870707,-13.23897411715351,13.23900391457894,-2.815773972529735,-13.626730743275429,13.626781108288776,-2.6191175542289296,-12.844633329278391,12.844783235379374
13.453798767967145,-2.6266136828720548,-13.106726366827425,13.106752421099074,-2.7234044593278193,-13.491626470880991,13.491673603822793,-2.5281965995729845,-12.71528921545696,12.715436341107964
13.527720739219713,-2.5322213690234534,-12.967322239319222,12.967344860459647,-2.628299189833993,-13.34938688874529,13.349431042306481,-2.4345292188047805,-12.578767421741091,12.578911922087114
13.60164271047228,-2.435213620336298,-12.820300972388013,12.820320445635094,-2.5305837370901303,-13.199551077319377,13.199592484138389,-2.3382410635436512,-12.434607335950355,12.434749354237816
13.675564681724847,-2.3357257299881047,-12.665231924289431,12.665248512058435,-2.4303933555912356,-13.041688238879512,13.041727113124631,-2.239467466284629,-12.282378465842932,12.282518134360576
13.749486652977414,-2.233901321562987,-12.501720853614161,12.501734797305811,-2.327871630523809,-12.875403977342428,12.875440516170375,-2.1383520896409434,-12.121686718914846,12.121824159860529
13.82340862422998,-2.129891039228598,-12.329415482206135,12.329427003872734,-2.2231691679406937,-12.700345861161454,12.70038024606185,-2.035045616522985,-11.952179965282554,11.952315291561789
13.897330595482547,-2.0238512904503656,-12.14801026818364,12.14801957206415,-2.116442337473227,-12.516208196326726,12.51624059436115,-1.9297044928545497,-11.773552810671845,11.77368612663334
13.971252566735114,-1.9159430503973705,-11.957250339560181,11.957257613494601,-2.00785207673506,-12.32273595996622,12.32276652491014,-1.8224897319807336,-11.585550530009648,11.585681932122833
14.04517453798768,-1.806330734966736,-11.75693456149504,11.75693997822737,-1.89756276434449,-12.119727867577414,12.119756740972463,-1.7135657876943167,-11.387972134648434,11.388101712127483
14.119096509240247,-1.6951811473501737,-11.546917731183147,11.546921449561715,-1.7857411664889749,-11.907038567899217,11.907065880022797,-1.6030995008042992,-11.180672567232577,11.180800402611103
14.193018480492814,-1.5826625012870634,-11.327111913359111,11.327114079442179,-1.6725554601761932,-11.684579978398867,11.684605849157522,-1.491259122390975,-10.963564037181346,10.963690206841665
14.26694045174538,-1.4689435225882428,-11.097486946029388,11.097487694103544,-1.5581743347558237,-11.45232179098776,11.452346330740252,-1.3782134153316845,-10.736616526402253,10.73674110106276
14.340862422997947,-1.354192629165182,-10.858070160185365,10.85806961370343,-1.442766171946733,-11.210291191718914,11.21031450203445,-1.2641308343319637,-10.499857508987434,10.499980554151389
14.414784394250514,-1.2385771886500403,-10.608945368833739,10.608943641278563,-1.3264983034550533,-10.958571849802397,10.958594024159096,-1.1491787835475533,-10.253370940229177,10.25349251659792
14.48870636550308,-1.1222628517307434,-10.35025118975026,10.350248385430145,-1.2095363443073,-10.69730224034472,10.697323364773002,-1.0335229499214245,-9.99729557936062,9.997415743214033
14.562628336755647,-1.005412958538499,-10.082178773034823,10.082174987815998,-1.092043599235934,-10.426673371890194,10.426693525565332,-0.9173267095732263,-9.731822717099353,9.731941520646131
14.636550308008214,-0.8881880147989014,-9.804969008988532,9.80496433096958,-0.9741805388285393,-10.14692599428476,10.14694525007266,-0.8007506039523179,-9.457193383514525,9.457310875214638
14.710472279260781,-0.7707452339777422,-9.518909294251122,9.518903804383932,-0.8561043416717091,-9.858347364800675,9.858365789760452,-0.6839518819854937,-9.173695114155604,9.173811339017137
14.784394250513348,-0.6532381413043432,-9.224329934752655,9.224323707414118,-0.7379684983724759,-9.561267651075966,9.561285306922791,-0.567084104102219,-8.881658352996732,8.881773352849146
14.858316221765914,-0.5358162353245033,-8.921600263078274,8.921593366596566,-0.619922473109366,-9.256056048467324,9.2560729919986,-0.4502968037894676,-8.581452569795202,8.581566383540856
14.932238193018481,-0.4186247025080746,-8.61112454554766,8.611117042686729,-0.5021114182380975,-8.943116687118136,8.94313297060591,-0.3337352022011796,-8.273482167165755,8.2735948310114
15.006160164271048,-0.3018041803993653,-8.293337750894244,8.293329699299766,-0.38467593744012063,-8.622884400626635,8.622900072178878,-0.2175399713105335,-7.958182249255553,7.958293796925426
15.080082135523615,-0.1854905648391507,-7.968701248102195,7.968692700712056,-0.26775189294277774,-8.295820423872156,8.295835527765387,-0.10184704113381357,-7.636014319577838,7.636124782509755
15.154004106776181,-0.06981485689291166,-7.637698495917612,7.637689501339702,-0.1514702524457043,-7.9624080825159345,7.96242265950143,0.013212553339505663,-7.307461970520576,7.307571378046395
15.227926078028748,0.04509695472040363,-7.300830780973535,7.300821383833447,-0.03595697154776896,-7.623148531116023,7.62316261870168,0.12751278971616328,-6.973026621469668,6.973135000981395
15.301848049281315,0.15912397970191405,-6.958613055519857,6.958603296780871,0.07866709232827183,-7.278556590847382,7.27857022355719,0.24093274427082548,-6.633223356537772,6.633330733640378
15.375770020533881,0.2721504845151471,-6.611569919576254,6.611559836833799,0.1922862382799104,-6.929156731645266,6.929169941258111,0.35335665028661667,-6.288576906716716,6.288683305368786
15.449691991786448,0.3840659265028835,-6.260231786060219,6.260221413812832,0.30478995604351744,-6.575479237323934,6.57549205309341,0.4646739321701662,-5.939617815005618,5.939723257648755
15.523613963039015,0.49476496700693595,-5.905131261199495,5.905120631098128,0.4160729391158901,-6.218056585980014,6.218069034836711,0.5747792185696008,-5.586878816823892,5.5869833245017855
15.597535934291582,0.6041474664327492,-5.54679976642007,5.546788907497488,0.5260350798206098,-5.857420071871638,5.857432178609292,0.6835723374373714,-5.230891461900325,5.23099505436832
15.671457905544148,0.7121184639111873,-5.185764421994782,5.185753360876619,0.634581448971572,-5.494096689058364,5.4941084765051915,0.7909582956902775,-4.872182997923166,4.872285693749058
15.745379876796715,0.8185881439228387,-4.822545207117213,4.822533968216128,0.7416222624990256,-5.1286062914666255,5.12861778064295,0.896847245832024,-4.511273530615908,4.511375347272684
15.819301848049282,0.9234717919702722,-4.457652405791721,4.457641011486023,0.8470728371235459,-4.76145903877145,4.761470249034759,1.0011544416237372,-4.148673469629582,4.148774423580744
15.893223819301848,1.0266897411147602,-4.0915843430516,4.091572813849562,0.950853536894464,-4.393153132606492,4.393164081784901,1.1038001846189633,-3.784881264763464,3.784981371541528
15.967145790554415,1.1281673109391979,-3.724825411569837,3.7248137662608376,1.0528897121544798,-4.024172843166829,4.0241835476818695,1.2047097631248755,-3.4203814325787314,3.420480706857439
16.041067761806982,1.2278347402607257,-3.35784438473659,3.3578326405301397,1.153111632253965,-3.654986822278616,3.654997297258197,1.30381338491319,-3.0556428694790574,3.0557413251398127
16.11498973305955,1.3256271146967038,-2.9910930087591434,2.991081181412752,1.2514544131186076,-3.2860466954913585,3.286056954873702,1.4010461047844553,-2.6911174438139667,2.6912150940069473
16.188911704312115,1.4214842899874525,-2.625004863299655,2.6249929672364307,1.347857940573808,-2.917785922708108,2.9177959793373476,1.496347747889112,-2.3272388565201676,2.327335713720552
16.262833675564682,1.5153508117992498,-2.259994477600344,2.2599825260171573,1.4422667901493198,-2.5506189143032403,2.5506287800173633,1.5896628295288244,-1.9644217572505678,1.964517833310247
16.33675564681725,1.6071758325717513,-1.8964566869444532,1.8964446919113997,1.5346301439283057,-2.1849403875761,2.1849500732878435,1.6809404720022472,-1.6030611008391982,1.6031564070343551
16.410677618069816,1.696913025835113,-1.5347662126468629,1.5347541851987296,1.6249017048660739,-1.8211249467344426,1.8211344625056922,1.770134318920503,-1.243531727295987,1.2436262743708615
16.484599589322382,1.7845204983031762,-1.175277447538013,1.1752653977583865,1.7130396088848772,-1.4595268683712577,1.4595362234814848,1.8572024472987403,-0.8861881472949662,0.8862819455021117
16.55852156057495,1.8699606999493494,-0.8183244280710573,0.8183123651696613,1.7990063349513898,-1.1004800735649556,1.1004892765741559,1.9421072776303925,-0.5313645142858534,0.5314575734231706
16.632443531827516,1.953200332190303,-0.4642209737140354,0.4642089060978407,1.8827686132619845,-0.7442982672646518,0.7443073260712273,2.0248154820692665,-0.17937476389075677,0.17946709333556246
16.706365503080082,2.0342102542380323,-0.11326097415244109,0.11324890949104444,1.9642973315963714,-0.39127522548594923,0.39128414737994094,2.10529789078001,0.16948709888861097,-0.16939549014824662
16.78028747433265,2.112965387632032,0.23428119501238734,-0.23429324972665352,2.0435674398513304,-0.041685211002629785,0.04169400271466787,2.1835293964686997,0.514946583967809,-0.5148556873042319
16.854209445585216,2.189444618928671,0.5781501469634888,-0.5781621853602974,2.120557852731643,0.3042165013601835,-0.3042078336138644,2.2594888570706475,0.8567481908750739,-0.8566579979945278
16.928131416837783,2.2636307005030574,0.9181088670176122,-0.9181208832978395,2.1952513505534856,0.6461930080818901,-0.6461844585580606,2.333158996550695,1.1946547920957675,-1.1945652950139953
17.00205338809035,2.335510149408017,1.253938022042174,-1.253950010931203,2.2676344781049416,0.9840250863698229,-0.9840166497602008,2.40452630376065,1.5284469424843854,-1.5283581335041843
17.075975359342916,2.4050731442340028,1.5854352123729447,-1.5854471690777354,2.337697441507429,1.317510446083314,-1.317502117479569,2.473580929297653,1.8579221311772394,-1.8578340028678102
17.149897330595483,2.472313419921081,1.9124141815596127,-1.9124261017292488,2.4054340030291845,1.6464629394855659,-1.6464547143471466,2.5403165803146353,2.182893991332978,-2.1828065365109266
17.22381930184805,2.537228160488339,2.234703998070825,-2.2347158777602445,2.4708413738161714,1.9707117429549206,-1.970703617079475,2.604730413248211,2.5031914818325314,-2.5031046935443895
17.297741273100616,2.5998178896657134,2.552148221833609,-2.552160057470275,2.533920104525385,2.2901005235304583,-2.290092493026639,2.6668229244489963,2.818658053813421,-2.8185719253195596
17.371663244353183,2.6600863594369866,2.8646040671903905,-2.8646158555436543,2.594673973869325,2.60448660187511,-2.604478663137574,2.726597838723115,3.1291508136216235,-3.129065338381456
17.44558521560575,2.718040436529491,3.1719415725533002,-3.1719533107062494,2.65310987510716,2.9137401219360086,-2.913732271622433,2.784061995820415,3.4345396924607146,-3.43445486411907
17.519507186858316,2.773689986914667,3.4740427857408434,-3.4740544710644325,2.7092377005467316,3.217743236287134,-3.217735471297088,2.8392252349335547,3.734706631723351,-3.734622444097948
17.593429158110883,2.8270477584131166,3.7708009727140577,-3.770812602843327,2.7630702241510536,3.5163893148713847,-3.5163816323269126,2.8921002773015956,4.029544791722233,-4.029461238792132
17.66735112936345,2.8781292615273246,4.062119856203221,-4.06213142901546,2.8146229823724602,3.8095821836331574,-3.809574580860921,2.9427026070412676,4.318957790311605,-4.318874866206598
17.741273100616016,2.926952648653959,4.347912889544643,-4.347924403139307,2.8639141533663213,4.097235398360927,-4.097227872875801,2.9910503503578316,4.602858976718837,-4.6027766757096655
17.815195071868583,2.973538591854984,4.628102569940103,-4.628114022620374,2.9109644347635664,4.379271557952446,-4.379264107442433,3.0371641533147598,4.881170744798662,-4.881089061288018
17.88911704312115,3.0179101593921875,4.9026197943172045,-4.902631184573048,2.95579692020661,4.655621660280789,-4.655614282593157,3.081067058366844,5.153823888888313,-5.15374281740255
17.963039014373717,3.060092691252648,5.171403260012793,-5.171414586505386,2.998436974876207,4.926224502883415,-4.926217196011955,3.122784379884253,5.420757004485746,-5.420676539667248
18.036960985626283,3.1001136739128463,5.434398911627745,-5.434410173175175,3.0389121102569363,5.19102612982255,-5.19101889189587,3.1623435789152445,5.6819159350992345,-5.681836071699382
18.11088295687885,3.138002614606243,5.691559434611905,-5.691570630176036,3.0772518584061475,5.449979325275664,-5.449972154546421,3.199774137452349,5.937253265827124,-5.937173998699818
18.184804928131417,3.17379091537308,5.942843795433408,-5.942854924107805,3.113487646005124,5.703043153710288,-5.7030360485452976,3.2351074324808002,6.1867278635219805,-6.18664918761768
18.258726899383984,3.20751174718181,6.18821682756642,-6.188227888565262,3.1476526684818555,5.950182545877205,-5.950175504748353,3.268376610098592,6.4303044627731785,-6.430226373133395
18.33264887063655,3.2391999244188376,6.427648861993674,-6.427659854641582,3.179781764502115,6.191367929318381,-6.19136095079427,3.299616460004858,6.667953296404308,-6.667875788156529
18.406570841889117,3.2688917800472885,6.66111540046238,-6.661126324185056,3.2099112911295524,6.426574901628233,-6.426567984366501,3.328863290657292,6.8996497687239415,-6.899572837076976
18.480492813141684,3.2966250417363345,6.888596829350518,-6.88860768366616,3.238078999956345,6.6557839443252185,-6.65577708706549,3.3561548054001378,7.12537416938684,-7.1252978096264945
18.55441478439425,3.3224387092603602,7.110078171691323,-7.110088956202735,3.264323914503669,6.878980174881601,-6.878973376439,3.3815299798620275,7.345111425413362,-7.345035632898458
18.628336755646817,3.3463729334621544,7.32554887466213,-7.325559589049482,3.2886862091861815,7.096153134217507,-7.096146393476698,3.4050289409178447,7.5588508886732315,-7.558775658831953
18.702258726899384,3.3684688970664665,7.5350026296649215,-7.535013273679096,3.3112070901268753,7.307296606786649,-7.307289922696363,3.426692847500982,7.76658615596107,-7.766511484287561
18.77618069815195,3.388768697620101,7.738437222004674,-7.738447795461162,3.331928678098447,7.51240847025982,-7.512401841827826,3.4465637735421266,7.968314918669715,-7.968240800720958
18.850102669404517,3.4073152328222407,7.935854407102883,-7.9358649098761695,3.3508938938548924,7.711490571743489,-7.711483998031968,3.4646845932982986,8.164038838998774,-8.163965270391701
18.924024640657084,3.424152088494397,8.12725981016186,-8.127270242180288,3.368146346102713,7.904548627449177,-7.904542107570472,3.4810988693215172,8.35376344961394,-8.35369042602276
18.99794661190965,3.4393234294233705,8.312662846215792,-8.312673207456827,3.3837302223451307,8.091592142749514,-8.091585675862234,3.4958507433004935,8.53749807369314,-8.537425590846881
19.071868583162217,3.4528738932932463,8.492076657561558,-8.492086948047456,3.3976901828153254,8.272634349614032,-8.27262793491946,3.508984829991356,8.715255762352433,-8.715183816032637
19.145790554414784,3.46484848790399,8.665518065651295,-8.665528285445117,3.410071257696261,8.447692158506667,-8.447685795245457,3.520546114434999,8.887053246533691,-8.886981832572317
19.21971252566735,3.475292491854864,8.833007534644898,-8.833017683846858,3.4209187478053273,8.616786121943154,-8.616779809392312,3.53057985263926,9.05291090055226,-9.052840014829727
19.293634496919918,3.484251358851023,8.994569143959437,-8.994579222703546,3.4302781289021445,8.779940407045288,-8.77993414451539,3.5391314758842647,9.212852714641535,-9.212782353084906
19.367556468172484,3.4917706257713284,9.150230567309805,-9.150240575760797,3.4381949597575936,8.937182774586423,-8.937176561419044,3.5462464987890336,9.36690627398884,-9.366836432570143
19.44147843942505,3.497895824615112,9.300023055906816,-9.30003299425732,3.4447147941017686,9.08854456219431,-9.08853839775968,3.5519704312570184,9.51510274192874,-9.515033416663407
19.515400410677618,3.502672398425247,9.443981423661688,-9.443991292129637,3.449883096548234,9.234060669560353,-9.23405455325521,3.556348694397968,9.657476845142801,-9.657408032088226
19.589322381930184,3.50614562126487,9.582144032436345,-9.582153831262607,3.453745162571934,9.373769543694618,-9.373763474940196,3.5594265405034533,9.79406685890518,-9.79399855415937
19.66324435318275,3.5083605223055265,9.714552775573843,-9.71456250502003,3.4563460425985015,9.507713162460913,-9.507707140701143,3.5612489771338187,9.924914590608381,-9.924846790308706
19.737166324435318,3.509361814065435,9.841253058140115,-9.841262718486579,3.457730470243685,9.635937014823183,-9.635931039523006,3.561860695355269,10.050065360000339,-10.049998060322384
19.811088295687885,3.50919382481832,9.962293772504479,-9.962303364048498,3.457942794723335,9.75849007643062,-9.758484147074444,3.561306002147531,10.169567974760342,-10.169501171916803
19.88501026694045,3.5079004351757574,10.07772726807996,-10.07773679113404,3.457026917436901,9.875424779362552,-9.875418895452835,3.559628756985032,10.28347470023475,-10.283408390474442
19.958932238193018,3.5055250188294305,10.187609314233427,-10.18761876912376,3.455026232710807,9.986796975043086,-9.986791136099043,3.556872312577994,10.39184122234256,-10.391775401949465
20.032854209445585,3.5021103874240707,10.291999055558389,-10.29200844262345,3.4519835726725425,10.092665889518447,-10.092660095074839,3.5530794597442474,10.494726602843718,-10.494661268136118
20.10677618069815,3.497698739517429,10.390958958878732,-10.390968278467971,3.44794115621173,10.193094070465134,-10.193088320071181,3.5482923763680407,10.59219322633834,-10.592128373667984
20.18069815195072,3.4923316135700175,10.48455475151818,-10.484564003990835,3.442940541970999,10.28814732546383,-10.288141618682193,3.5425525803886666,10.6843067385317,-10.684242364283037
20.254620123203285,3.486049844895154,10.572855350527515,-10.572864536251533,3.4370225852971203,10.37789465123102,-10.377888987636874,3.535900886749385,10.771135975457042,-10.771072076046506
20.32854209445585,3.4788935264885,10.65593278270845,-10.655941902059494,3.4302273990716428,10.462408153647228,-10.462402532827403,3.528377368225838,10.852752883495036,-10.852689455370374
20.40246406570842,3.470901973646199,10.733862095409075,-10.733871148769586,3.42259431833012,10.541762958556774,-10.541757380108972,3.5200213200430923,10.929232430164864,-10.929169469804478
20.476386036960985,3.4621136922716755,10.806721258190768,-10.806730245949154,3.414161868569989,10.61603711343901,-10.616031576971078,3.510871228181337,11.00065250578677,-11.000590009699152
20.550308008213552,3.452566350763204,10.87459105558006,-10.874599978129924,3.404967737639202,10.685311480164419,-10.685305985293693,3.5009647412623632,11.067093816229622,-11.06703178095278
20.62422997946612,3.4422967553674213,10.93755497122106,-10.937563828960492,3.3950487510908145,10.749669619151309,-10.749664165503994,3.490338645901998,11.12863976705908,-11.128578189159992
20.698151950718685,3.4313408288780662,10.995699063834879,-10.995707857165819,3.384440850882774,10.809197665329409,-10.809192252540011,3.47902884540777,11.185376339492736,-11.185315215566868
20.772073921971252,3.4197335925542847,11.049111835471987,-11.04912056479964,3.373179077297267,10.863984196396409,-10.86397882410724,3.4670703416961484,11.237391958648269,-11.237331285319106
20.84599589322382,3.4075091511287727,11.097884092612084,-11.097892758344388,3.361297553949914,10.914120093921984,-10.914114761782653,3.4544972202996287,11.28477735463913,-11.284717128557704
20.919917864476385,3.394700680772914,11.142108800723934,-11.142117403271062,3.3488294757559256,10.959698397911696,-10.959693105578692,3.4413426383308234,11.32762541713019,-11.32756563497468
20.993839835728952,3.3813404198836823,11.181880932945315,-11.181889472719224,3.3358070997180427,11.000814155491067,-11.00080890262736,3.4276388152683164,11.366031044013594,-11.365971702488913
21.06776180698152,3.367459662555482,11.217297313581131,-11.217305790995157,3.322261738399386,11.03756426440772,-11.037559050682368,3.4134170264274823,11.400090984902736,-11.400032080740143
21.141683778234086,3.353088754599252,11.248456457146261,-11.248464872614752,3.308223755943569,11.070047312078227,-11.070042137166045,3.398707598978546,11.429903680171055,-11.429845210127796
21.215605749486652,3.3382570919708616,11.275458403699501,-11.275466757637467,3.2937225665041003,11.098363410926083,-11.098358274507325,3.3835399103739747,11.455569096281947,-11.455511057140907
21.28952772073922,3.322993121471235,11.298404551226644,-11.298412844049448,3.278786634945498,11.122614030768702,-11.122608932528777,3.367942389047584,11.477188558167812,-11.477130946737164
21.363449691991786,3.3073243435815227,11.3173974858346,-11.317405717957678,3.263443479679456,11.142901829015482,-11.142896768644679,3.3519425172487076,11.494864579420174,-11.494807392533094
21.437371663244353,3.2912773172980385,11.332540810515388,-11.33254898235398,3.24771967750075,11.159330479435695,-11.15932545662894,3.335566835876136,11.508700691049752,-11.508643925564089
21.51129363449692,3.27487766683353,11.34393897322945,-11.343947085198378,3.2316408702894917,11.172004500245684,-11.1719995147023,3.318840951178398,11.518801269565824,-11.518744922363805
21.585215605749486,3.2581500900535905,11.35169709504228,-11.351705147555721,3.2152317734484983,11.181029082249314,-11.181024133672826,3.3017895431891944,11.525271365108965,-11.525215433096928
21.659137577002053,3.241118368519622,11.355920799027867,-11.355928792499173,3.1985161859472213,11.186509917745243,-11.186505005843177,3.2844363757693786,11.528216530350623,-11.52816101045873
21.73305954825462,3.223805379012668,11.35671604062725,-11.356723975468755,3.181517001846524,11.18855303088925,-11.188548155372958,3.266804308129837,11.527742650847806,-11.527687540029797
21.806981519507186,3.2062331064156395,11.35418894012114,-11.354196816744016,3.1642562231818525,11.187264610170626,-11.18725977075512,3.2489153077127275,11.523955777511926,-11.523901072744852
21.880903490759753,3.188422657834841,11.348445617842833,-11.348453436656923,3.1467549740857077,11.182750843628822,-11.18274604003259,3.2307904643120837,11.516961961817888,-11.516907660101873
21.95482546201232,3.170394277845391,11.33959203272179,-11.339599794135507,3.1290335160339886,11.175117757400708,-11.17511298934563,3.2124500053182694,11.506867094343953,-11.506813192701951
22.001368925393567,3.1589128771403305,11.332469413864663,-11.332477139346222,3.117744201570835,11.168758984383674,-11.168754238565127,3.200773290835475,11.498967622372938,-11.498913971112259
